Workbook

Sheet Расход
A1: CW | B1: Month | C1: MEDIUM 800х600х300 | D1: MEDIUM 600х400х400 R-mixed | E1: MEDIUM 400х300х300 R-mixed | F1: MEDIUM 400х300х150 | G1: MEDIUM 300*210*100 R-mixed | H1: Скотч R-mixed | I1: Скотч цветной | J1: Стрейч прозрачный
A2: 1 | B2: 1 | C2: - | D2: - | E2: - | F2: - | G2: - | H2: - | I2: - | J2: -
A3: 2 | B3: 1 | C3: - | D3: - | E3: - | F3: - | G3: - | H3: - | I3: - | J3: -
A4: 3 | B4: 1 | C4: - | D4: - | E4: - | F4: - | G4: - | H4: - | I4: - | J4: -
A5: 4 | B5: 1 | C5: - | D5: - | E5: - | F5: - | G5: - | H5: - | I5: - | J5: -
A6: 5 | B6: 1 | C6: - | D6: - | E6: - | F6: - | G6: - | H6: - | I6: - | J6: -
A7: 6 | B7: 2 | C7: - | D7: - | E7: - | F7: - | G7: - | H7: - | I7: - | J7: -
A8: 7 | B8: 2 | C8: - | D8: - | E8: - | F8: - | G8: - | H8: - | I8: - | J8: -
A9: 8 | B9: 2 | C9: - | D9: - | E9: - | F9: - | G9: - | H9: - | I9: - | J9: -
A10: 9 | B10: 2 | C10: - | D10: - | E10: - | F10: - | G10: - | H10: - | I10: - | J10: -
A11: 10 | B11: 3 | C11: - | D11: - | E11: - | F11: - | G11: - | H11: - | I11: - | J11: -
A12: 11 | B12: 3 | C12: - | D12: - | E12: - | F12: - | G12: - | H12: - | I12: - | J12: -
A13: 12 | B13: 3 | C13: - | D13: - | E13: - | F13: - | G13: - | H13: - | I13: - | J13: -
... A21: 20 | B21: 5 | C21: - | D21: - | E21: - | F21: - | G21: - | H21: - | I21: - | J21: -
A22: 21 | B22: 5 | C22: 0 | D22: 1784 | E22: 2080 | F22: 1376 | G22: 0 | H22: 294 | I22: 0 | J22: 126
A23: 22 | B23: 5 | C23: 0 | D23: 1621 | E23: 1852 | F23: 1122 | G23: 0 | H23: 211 | I23: 0 | J23: 132
A24: 23 | B24: 6 | C24: 360 | D24: 1723 | E24: 1652 | F24: 1680 | G24: 1723 | H24: 203 | I24: 0 | J24: 126
A25: 24 | B25: 6 | C25: 720 | D25: 2712 | E25: 2096 | F25: 1746 | G25: 2712 | H25: 309 | I25: 0 | J25: 98
A26: 25 | B26: 6 | C26: 120 | D26: 2498 | E26: 2113 | F26: 1812 | G26: 2498 | H26: 316 | I26: 0 | J26: 86
A27: 26 | B27: 6 | C27: 600 | D27: 2369 | E27: 2477 | F27: 1856 | G27: 2369 | H27: 302 | I27: 0 | J27: 84
A28: 27 | B28: 6 | C28: 860 | D28: 2465 | E28: 2515 | F28: 2001 | G28: 2465 | H28: 1119 | I28: 0 | J28: 94
A29: 28 | B29: 7 | C29: 1540 | D29: 2311 | E29: 1560 | F29: 2497 | G29: 2311 | H29: 1234 | I29: 0 | J29: 101
A30: 29 | B30: 7 | C30: 800 | D30: 2465 | E30: 1240 | F30: 2752 | G30: 2465 | H30: 2003 | I30: 0 | J30: 103
A31: 30 | B31: 7 | C31: 1040 | D31: 2513 | E31: 1120 | F31: 2811 | G31: 2513 | H31: 1998 | I31: 0 | J31: 105
A32: 31 | B32: 7 | C32: 0 | D32: 2610 | E32: 2800 | F32: 2803 | G32: 2610 | H32: 1473 | I32: 0 | J32: 119
A33: 32 | B33: 8 | C33: 1722 | D33: 2714 | E33: 2906 | F33: 3412 | G33: 2714 | H33: 1368 | I33: 0 | J33: 749
... A43: 42 | B43: 10 | C43: 147 | D43: 1925 | E43: 560 | F43: 560 | G43: 1925 | H43: 987 | I43: 0 | J43: 15
A44: 43 | B44: 10 | C44: - | D44: - | E44: - | F44: - | G44: - | H44: - | I44: - | J44: -
A45: 44 | B45: 10 | C45: - | D45: - | E45: - | F45: - | G45: - | H45: - | I45: - | J45: -
A46: 45 | B46: 11 | C46: - | D46: - | E46: - | F46: - | G46: - | H46: - | I46: - | J46: -
A47: 46 | B47: 11 | C47: - | D47: - | E47: - | F47: - | G47: - | H47: - | I47: - | J47: -
A48: 47 | B48: 11 | C48: - | D48: - | E48: - | F48: - | G48: - | H48: - | I48: - | J48: -
A49: 48 | B49: 11 | C49: - | D49: - | E49: - | F49: - | G49: - | H49: - | I49: - | J49: -
A50: 49 | B50: 12 | C50: - | D50: - | E50: - | F50: - | G50: - | H50: - | I50: - | J50: -
A51: 50 | B51: 12 | C51: - | D51: - | E51: - | F51: - | G51: - | H51: - | I51: - | J51: -
A52: 51 | B52: 12 | C52: - | D52: - | E52: - | F52: - | G52: - | H52: - | I52: - | J52: -
A53: 52 | B53: 12 | C53: - | D53: - | E53: - | F53: - | G53: - | H53: - | I53: - | J53: -

Sheet Запасы
A1: CW | B1: Month | C1: MEDIUM 800х600х300 | D1: MEDIUM 600х400х400 R-mixed | E1: MEDIUM 400х300х300 R-mixed | F1: MEDIUM 400х300х150 | G1: MEDIUM 300*210*100 R-mixed | H1: Скотч R-mixed | I1: Скотч цветной | J1: Стрейч прозрачный
A2: 1 | B2: 1 | C2: - | D2: - | E2: - | F2: - | G2: - | H2: - | I2: - | J2: -
A3: 2 | B3: 1 | C3: =IF( $C$1=[1]Склад!$F$13, IFERROR( SUMIFS( [1]Склад!$F$14:$F$279, [1]Склад!$B$14:$B$279, A3, [1]Склад!$E$14:$E$279, "Итог на конец недели" ), "" ), "" ) -> 0 | D3: =IF( $D$1=[1]Склад!$G$13, IFERROR( SUMIFS( [1]Склад!$G$14:$G$279, [1]Склад!$B$14:$B$279, A3, [1]Склад!$E$14:$E$279, "Итог на конец недели" ), "" ), "" ) -> 29896 | E3: =IF( $E$1=[1]Склад!$H$13, IFERROR( SUMIFS( [1]Склад!$H$14:$H$279, [1]Склад!$B$14:$B$279, A3, [1]Склад!$E$14:$E$279, "Итог на конец недели" ), "" ), "" ) -> 29696 | F3: =IF( $F$1=[1]Склад!$I$13, IFERROR( SUMIFS( [1]Склад!$I$14:$I$279, [1]Склад!$B$14:$B$279, A3, [1]Склад!$E$14:$E$279, "Итог на конец недели" ), "" ), "" ) -> 44032 | G3: =IF( $G$1=[1]Склад!$J$13, IFERROR( SUMIFS( [1]Склад!$J$14:$J$279, [1]Склад!$B$14:$B$279, A3, [1]Склад!$E$14:$E$279, "Итог на конец недели" ), "" ), "" ) -> 0 | H3: =IF( $H$1=[1]Склад!$K$13, IFERROR( SUMIFS( [1]Склад!$K$14:$K$279, [1]Склад!$B$14:$B$279, A3, [1]Склад!$E$14:$E$279, "Итог на конец недели" ), "" ), "" ) -> 42000 | I3: =IF( $I$1=[1]Склад!$L$13, IFERROR( SUMIFS( [1]Склад!$L$14:$L$279, [1]Склад!$B$14:$B$279, A3, [1]Склад!$E$14:$E$279, "Итог на конец недели" ), "" ), "" ) -> 3636 | J3: =IF( $J$1=[1]Склад!$O$13, IFERROR( SUMIFS( [1]Склад!$O$14:$O$279, [1]Склад!$B$14:$B$279, A3, [1]Склад!$E$14:$E$279, "Итог на конец недели" ), "" ), "" ) -> 2268
A4: 3 | B4: 1 | C4: =IF( $C$1=[1]Склад!$F$13, IFERROR( SUMIFS( [1]Склад!$F$14:$F$279, [1]Склад!$B$14:$B$279, A4, [1]Склад!$E$14:$E$279, "Итог на конец недели" ), "" ), "" ) -> 5250 | D4: =IF( $D$1=[1]Склад!$G$13, IFERROR( SUMIFS( [1]Склад!$G$14:$G$279, [1]Склад!$B$14:$B$279, A4, [1]Склад!$E$14:$E$279, "Итог на конец недели" ), "" ), "" ) -> 27658 | E4: =IF( $E$1=[1]Склад!$H$13, IFERROR( SUMIFS( [1]Склад!$H$14:$H$279, [1]Склад!$B$14:$B$279, A4, [1]Склад!$E$14:$E$279, "Итог на конец недели" ), "" ), "" ) -> 28160 | F4: =IF( $F$1=[1]Склад!$I$13, IFERROR( SUMIFS( [1]Склад!$I$14:$I$279, [1]Склад!$B$14:$B$279, A4, [1]Склад!$E$14:$E$279, "Итог на конец недели" ), "" ), "" ) -> 40448 | G4: =IF( $G$1=[1]Склад!$J$13, IFERROR( SUMIFS( [1]Склад!$J$14:$J$279, [1]Склад!$B$14:$B$279, A4, [1]Склад!$E$14:$E$279, "Итог на конец недели" ), "" ), "" ) -> 0 | H4: =IF( $H$1=[1]Склад!$K$13, IFERROR( SUMIFS( [1]Склад!$K$14:$K$279, [1]Склад!$B$14:$B$279, A4, [1]Склад!$E$14:$E$279, "Итог на конец недели" ), "" ), "" ) -> 40990 | I4: =IF( $I$1=[1]Склад!$L$13, IFERROR( SUMIFS( [1]Склад!$L$14:$L$279, [1]Склад!$B$14:$B$279, A4, [1]Склад!$E$14:$E$279, "Итог на конец недели" ), "" ), "" ) -> 3636 | J4: =IF( $J$1=[1]Склад!$O$13, IFERROR( SUMIFS( [1]Склад!$O$14:$O$279, [1]Склад!$B$14:$B$279, A4, [1]Склад!$E$14:$E$279, "Итог на конец недели" ), "" ), "" ) -> 2236
A5: 4 | B5: 1 | C5: =IF( $C$1=[1]Склад!$F$13, IFERROR( SUMIFS( [1]Склад!$F$14:$F$279, [1]Склад!$B$14:$B$279, A5, [1]Склад!$E$14:$E$279, "Итог на конец недели" ), "" ), "" ) -> 5160 | D5: =IF( $D$1=[1]Склад!$G$13, IFERROR( SUMIFS( [1]Склад!$G$14:$G$279, [1]Склад!$B$14:$B$279, A5, [1]Склад!$E$14:$E$279, "Итог на конец недели" ), "" ), "" ) -> 24330 | E5: =IF( $E$1=[1]Склад!$H$13, IFERROR( SUMIFS( [1]Склад!$H$14:$H$279, [1]Склад!$B$14:$B$279, A5, [1]Склад!$E$14:$E$279, "Итог на конец недели" ), "" ), "" ) -> 27648 | F5: =IF( $F$1=[1]Склад!$I$13, IFERROR( SUMIFS( [1]Склад!$I$14:$I$279, [1]Склад!$B$14:$B$279, A5, [1]Склад!$E$14:$E$279, "Итог на конец недели" ), "" ), "" ) -> 39424 | G5: =IF( $G$1=[1]Склад!$J$13, IFERROR( SUMIFS( [1]Склад!$J$14:$J$279, [1]Склад!$B$14:$B$279, A5, [1]Склад!$E$14:$E$279, "Итог на конец недели" ), "" ), "" ) -> 0 | H5: =IF( $H$1=[1]Склад!$K$13, IFERROR( SUMIFS( [1]Склад!$K$14:$K$279, [1]Склад!$B$14:$B$279, A5, [1]Склад!$E$14:$E$279, "Итог на конец недели" ), "" ), "" ) -> 40246 | I5: =IF( $I$1=[1]Склад!$L$13, IFERROR( SUMIFS( [1]Склад!$L$14:$L$279, [1]Склад!$B$14:$B$279, A5, [1]Склад!$E$14:$E$279, "Итог на конец недели" ), "" ), "" ) -> 3636 | J5: =IF( $J$1=[1]Склад!$O$13, IFERROR( SUMIFS( [1]Склад!$O$14:$O$279, [1]Склад!$B$14:$B$279, A5, [1]Склад!$E$14:$E$279, "Итог на конец недели" ), "" ), "" ) -> 2224
A6: 5 | B6: 1 | C6: =IF( $C$1=[1]Склад!$F$13, IFERROR( SUMIFS( [1]Склад!$F$14:$F$279, [1]Склад!$B$14:$B$279, A6, [1]Склад!$E$14:$E$279, "Итог на конец недели" ), "" ), "" ) -> 5160 | D6: =IF( $D$1=[1]Склад!$G$13, IFERROR( SUMIFS( [1]Склад!$G$14:$G$279, [1]Склад!$B$14:$B$279, A6, [1]Склад!$E$14:$E$279, "Итог на конец недели" ), "" ), "" ) -> 19466 | E6: =IF( $E$1=[1]Склад!$H$13, IFERROR( SUMIFS( [1]Склад!$H$14:$H$279, [1]Склад!$B$14:$B$279, A6, [1]Склад!$E$14:$E$279, "Итог на конец недели" ), "" ), "" ) -> 25088 | F6: =IF( $F$1=[1]Склад!$I$13, IFERROR( SUMIFS( [1]Склад!$I$14:$I$279, [1]Склад!$B$14:$B$279, A6, [1]Склад!$E$14:$E$279, "Итог на конец недели" ), "" ), "" ) -> 37888 | G6: =IF( $G$1=[1]Склад!$J$13, IFERROR( SUMIFS( [1]Склад!$J$14:$J$279, [1]Склад!$B$14:$B$279, A6, [1]Склад!$E$14:$E$279, "Итог на конец недели" ), "" ), "" ) -> 0 | H6: =IF( $H$1=[1]Склад!$K$13, IFERROR( SUMIFS( [1]Склад!$K$14:$K$279, [1]Склад!$B$14:$B$279, A6, [1]Склад!$E$14:$E$279, "Итог на конец недели" ), "" ), "" ) -> 39334 | I6: =IF( $I$1=[1]Склад!$L$13, IFERROR( SUMIFS( [1]Склад!$L$14:$L$279, [1]Склад!$B$14:$B$279, A6, [1]Склад!$E$14:$E$279, "Итог на конец недели" ), "" ), "" ) -> 3636 | J6: =IF( $J$1=[1]Склад!$O$13, IFERROR( SUMIFS( [1]Склад!$O$14:$O$279, [1]Склад!$B$14:$B$279, A6, [1]Склад!$E$14:$E$279, "Итог на конец недели" ), "" ), "" ) -> 2246
A7: 6 | B7: 2 | C7: =IF( $C$1=[1]Склад!$F$13, IFERROR( SUMIFS( [1]Склад!$F$14:$F$279, [1]Склад!$B$14:$B$279, A7, [1]Склад!$E$14:$E$279, "Итог на конец недели" ), "" ), "" ) -> 5040 | D7: =IF( $D$1=[1]Склад!$G$13, IFERROR( SUMIFS( [1]Склад!$G$14:$G$279, [1]Склад!$B$14:$B$279, A7, [1]Склад!$E$14:$E$279, "Итог на конец недели" ), "" ), "" ) -> 31146 | E7: =IF( $E$1=[1]Склад!$H$13, IFERROR( SUMIFS( [1]Склад!$H$14:$H$279, [1]Склад!$B$14:$B$279, A7, [1]Склад!$E$14:$E$279, "Итог на конец недели" ), "" ), "" ) -> 24576 | F7: =IF( $F$1=[1]Склад!$I$13, IFERROR( SUMIFS( [1]Склад!$I$14:$I$279, [1]Склад!$B$14:$B$279, A7, [1]Склад!$E$14:$E$279, "Итог на конец недели" ), "" ), "" ) -> 36864 | G7: =IF( $G$1=[1]Склад!$J$13, IFERROR( SUMIFS( [1]Склад!$J$14:$J$279, [1]Склад!$B$14:$B$279, A7, [1]Склад!$E$14:$E$279, "Итог на конец недели" ), "" ), "" ) -> 0 | H7: =IF( $H$1=[1]Склад!$K$13, IFERROR( SUMIFS( [1]Склад!$K$14:$K$279, [1]Склад!$B$14:$B$279, A7, [1]Склад!$E$14:$E$279, "Итог на конец недели" ), "" ), "" ) -> 38734 | I7: =IF( $I$1=[1]Склад!$L$13, IFERROR( SUMIFS( [1]Склад!$L$14:$L$279, [1]Склад!$B$14:$B$279, A7, [1]Склад!$E$14:$E$279, "Итог на конец недели" ), "" ), "" ) -> 3636 | J7: =IF( $J$1=[1]Склад!$O$13, IFERROR( SUMIFS( [1]Склад!$O$14:$O$279, [1]Склад!$B$14:$B$279, A7, [1]Склад!$E$14:$E$279, "Итог на конец недели" ), "" ), "" ) -> 2198
A8: 7 | B8: 2 | C8: =IF( $C$1=[1]Склад!$F$13, IFERROR( SUMIFS( [1]Склад!$F$14:$F$279, [1]Склад!$B$14:$B$279, A8, [1]Склад!$E$14:$E$279, "Итог на конец недели" ), "" ), "" ) -> 5040 | D8: =IF( $D$1=[1]Склад!$G$13, IFERROR( SUMIFS( [1]Склад!$G$14:$G$279, [1]Склад!$B$14:$B$279, A8, [1]Склад!$E$14:$E$279, "Итог на конец недели" ), "" ), "" ) -> 27658 | E8: =IF( $E$1=[1]Склад!$H$13, IFERROR( SUMIFS( [1]Склад!$H$14:$H$279, [1]Склад!$B$14:$B$279, A8, [1]Склад!$E$14:$E$279, "Итог на конец недели" ), "" ), "" ) -> 23040 | F8: =IF( $F$1=[1]Склад!$I$13, IFERROR( SUMIFS( [1]Склад!$I$14:$I$279, [1]Склад!$B$14:$B$279, A8, [1]Склад!$E$14:$E$279, "Итог на конец недели" ), "" ), "" ) -> 34864 | G8: =IF( $G$1=[1]Склад!$J$13, IFERROR( SUMIFS( [1]Склад!$J$14:$J$279, [1]Склад!$B$14:$B$279, A8, [1]Склад!$E$14:$E$279, "Итог на конец недели" ), "" ), "" ) -> 0 | H8: =IF( $H$1=[1]Склад!$K$13, IFERROR( SUMIFS( [1]Склад!$K$14:$K$279, [1]Склад!$B$14:$B$279, A8, [1]Склад!$E$14:$E$279, "Итог на конец недели" ), "" ), "" ) -> 37750 | I8: =IF( $I$1=[1]Склад!$L$13, IFERROR( SUMIFS( [1]Склад!$L$14:$L$279, [1]Склад!$B$14:$B$279, A8, [1]Склад!$E$14:$E$279, "Итог на конец недели" ), "" ), "" ) -> 3636 | J8: =IF( $J$1=[1]Склад!$O$13, IFERROR( SUMIFS( [1]Склад!$O$14:$O$279, [1]Склад!$B$14:$B$279, A8, [1]Склад!$E$14:$E$279, "Итог на конец недели" ), "" ), "" ) -> 2150
A9: 8 | B9: 2 | C9: =IF( $C$1=[1]Склад!$F$13, IFERROR( SUMIFS( [1]Склад!$F$14:$F$279, [1]Склад!$B$14:$B$279, A9, [1]Склад!$E$14:$E$279, "Итог на конец недели" ), "" ), "" ) -> 5040 | D9: =IF( $D$1=[1]Склад!$G$13, IFERROR( SUMIFS( [1]Склад!$G$14:$G$279, [1]Склад!$B$14:$B$279, A9, [1]Склад!$E$14:$E$279, "Итог на конец недели" ), "" ), "" ) -> 23050 | E9: =IF( $E$1=[1]Склад!$H$13, IFERROR( SUMIFS( [1]Склад!$H$14:$H$279, [1]Склад!$B$14:$B$279, A9, [1]Склад!$E$14:$E$279, "Итог на конец недели" ), "" ), "" ) -> 21504 | F9: =IF( $F$1=[1]Склад!$I$13, IFERROR( SUMIFS( [1]Склад!$I$14:$I$279, [1]Склад!$B$14:$B$279, A9, [1]Склад!$E$14:$E$279, "Итог на конец недели" ), "" ), "" ) -> 33840 | G9: =IF( $G$1=[1]Склад!$J$13, IFERROR( SUMIFS( [1]Склад!$J$14:$J$279, [1]Склад!$B$14:$B$279, A9, [1]Склад!$E$14:$E$279, "Итог на конец недели" ), "" ), "" ) -> 0 | H9: =IF( $H$1=[1]Склад!$K$13, IFERROR( SUMIFS( [1]Склад!$K$14:$K$279, [1]Склад!$B$14:$B$279, A9, [1]Склад!$E$14:$E$279, "Итог на конец недели" ), "" ), "" ) -> 36502 | I9: =IF( $I$1=[1]Склад!$L$13, IFERROR( SUMIFS( [1]Склад!$L$14:$L$279, [1]Склад!$B$14:$B$279, A9, [1]Склад!$E$14:$E$279, "Итог на конец недели" ), "" ), "" ) -> 3636 | J9: =IF( $J$1=[1]Склад!$O$13, IFERROR( SUMIFS( [1]Склад!$O$14:$O$279, [1]Склад!$B$14:$B$279, A9, [1]Склад!$E$14:$E$279, "Итог на конец недели" ), "" ), "" ) -> 2110
A10: 9 | B10: 2 | C10: =IF( $C$1=[1]Склад!$F$13, IFERROR( SUMIFS( [1]Склад!$F$14:$F$279, [1]Склад!$B$14:$B$279, A10, [1]Склад!$E$14:$E$279, "Итог на конец недели" ), "" ), "" ) -> 5040 | D10: =IF( $D$1=[1]Склад!$G$13, IFERROR( SUMIFS( [1]Склад!$G$14:$G$279, [1]Склад!$B$14:$B$279, A10, [1]Склад!$E$14:$E$279, "Итог на конец недели" ), "" ), "" ) -> 25866 | E10: =IF( $E$1=[1]Склад!$H$13, IFERROR( SUMIFS( [1]Склад!$H$14:$H$279, [1]Склад!$B$14:$B$279, A10, [1]Склад!$E$14:$E$279, "Итог на конец недели" ), "" ), "" ) -> 20480 | F10: =IF( $F$1=[1]Склад!$I$13, IFERROR( SUMIFS( [1]Склад!$I$14:$I$279, [1]Склад!$B$14:$B$279, A10, [1]Склад!$E$14:$E$279, "Итог на конец недели" ), "" ), "" ) -> 31232 | G10: =IF( $G$1=[1]Склад!$J$13, IFERROR( SUMIFS( [1]Склад!$J$14:$J$279, [1]Склад!$B$14:$B$279, A10, [1]Склад!$E$14:$E$279, "Итог на конец недели" ), "" ), "" ) -> 0 | H10: =IF( $H$1=[1]Склад!$K$13, IFERROR( SUMIFS( [1]Склад!$K$14:$K$279, [1]Склад!$B$14:$B$279, A10, [1]Склад!$E$14:$E$279, "Итог на конец недели" ), "" ), "" ) -> 36456 | I10: =IF( $I$1=[1]Склад!$L$13, IFERROR( SUMIFS( [1]Склад!$L$14:$L$279, [1]Склад!$B$14:$B$279, A10, [1]Склад!$E$14:$E$279, "Итог на конец недели" ), "" ), "" ) -> 3636 | J10: =IF( $J$1=[1]Склад!$O$13, IFERROR( SUMIFS( [1]Склад!$O$14:$O$279, [1]Склад!$B$14:$B$279, A10, [1]Склад!$E$14:$E$279, "Итог на конец недели" ), "" ), "" ) -> 2042
A11: 10 | B11: 3 | C11: =IF( $C$1=[1]Склад!$F$13, IFERROR( SUMIFS( [1]Склад!$F$14:$F$279, [1]Склад!$B$14:$B$279, A11, [1]Склад!$E$14:$E$279, "Итог на конец недели" ), "" ), "" ) -> 5040 | D11: =IF( $D$1=[1]Склад!$G$13, IFERROR( SUMIFS( [1]Склад!$G$14:$G$279, [1]Склад!$B$14:$B$279, A11, [1]Склад!$E$14:$E$279, "Итог на конец недели" ), "" ), "" ) -> 20746 | E11: =IF( $E$1=[1]Склад!$H$13, IFERROR( SUMIFS( [1]Склад!$H$14:$H$279, [1]Склад!$B$14:$B$279, A11, [1]Склад!$E$14:$E$279, "Итог на конец недели" ), "" ), "" ) -> 18432 | F11: =IF( $F$1=[1]Склад!$I$13, IFERROR( SUMIFS( [1]Склад!$I$14:$I$279, [1]Склад!$B$14:$B$279, A11, [1]Склад!$E$14:$E$279, "Итог на конец недели" ), "" ), "" ) -> 17408 | G11: =IF( $G$1=[1]Склад!$J$13, IFERROR( SUMIFS( [1]Склад!$J$14:$J$279, [1]Склад!$B$14:$B$279, A11, [1]Склад!$E$14:$E$279, "Итог на конец недели" ), "" ), "" ) -> 0 | H11: =IF( $H$1=[1]Склад!$K$13, IFERROR( SUMIFS( [1]Склад!$K$14:$K$279, [1]Склад!$B$14:$B$279, A11, [1]Склад!$E$14:$E$279, "Итог на конец недели" ), "" ), "" ) -> 36336 | I11: =IF( $I$1=[1]Склад!$L$13, IFERROR( SUMIFS( [1]Склад!$L$14:$L$279, [1]Склад!$B$14:$B$279, A11, [1]Склад!$E$14:$E$279, "Итог на конец недели" ), "" ), "" ) -> 3636 | J11: =IF( $J$1=[1]Склад!$O$13, IFERROR( SUMIFS( [1]Склад!$O$14:$O$279, [1]Склад!$B$14:$B$279, A11, [1]Склад!$E$14:$E$279, "Итог на конец недели" ), "" ), "" ) -> 2002
A12: 11 | B12: 3 | C12: =IF( $C$1=[1]Склад!$F$13, IFERROR( SUMIFS( [1]Склад!$F$14:$F$279, [1]Склад!$B$14:$B$279, A12, [1]Склад!$E$14:$E$279, "Итог на конец недели" ), "" ), "" ) -> 5040 | D12: =IF( $D$1=[1]Склад!$G$13, IFERROR( SUMIFS( [1]Склад!$G$14:$G$279, [1]Склад!$B$14:$B$279, A12, [1]Склад!$E$14:$E$279, "Итог на конец недели" ), "" ), "" ) -> 15626 | E12: =IF( $E$1=[1]Склад!$H$13, IFERROR( SUMIFS( [1]Склад!$H$14:$H$279, [1]Склад!$B$14:$B$279, A12, [1]Склад!$E$14:$E$279, "Итог на конец недели" ), "" ), "" ) -> 17408 | F12: =IF( $F$1=[1]Склад!$I$13, IFERROR( SUMIFS( [1]Склад!$I$14:$I$279, [1]Склад!$B$14:$B$279, A12, [1]Склад!$E$14:$E$279, "Итог на конец недели" ), "" ), "" ) -> 15872 | G12: =IF( $G$1=[1]Склад!$J$13, IFERROR( SUMIFS( [1]Склад!$J$14:$J$279, [1]Склад!$B$14:$B$279, A12, [1]Склад!$E$14:$E$279, "Итог на конец недели" ), "" ), "" ) -> 0 | H12: =IF( $H$1=[1]Склад!$K$13, IFERROR( SUMIFS( [1]Склад!$K$14:$K$279, [1]Склад!$B$14:$B$279, A12, [1]Склад!$E$14:$E$279, "Итог на конец недели" ), "" ), "" ) -> 34824 | I12: =IF( $I$1=[1]Склад!$L$13, IFERROR( SUMIFS( [1]Склад!$L$14:$L$279, [1]Склад!$B$14:$B$279, A12, [1]Склад!$E$14:$E$279, "Итог на конец недели" ), "" ), "" ) -> 3636 | J12: =IF( $J$1=[1]Склад!$O$13, IFERROR( SUMIFS( [1]Склад!$O$14:$O$279, [1]Склад!$B$14:$B$279, A12, [1]Склад!$E$14:$E$279, "Итог на конец недели" ), "" ), "" ) -> 1934
A13: 12 | B13: 3 | C13: =IF( $C$1=[1]Склад!$F$13, IFERROR( SUMIFS( [1]Склад!$F$14:$F$279, [1]Склад!$B$14:$B$279, A13, [1]Склад!$E$14:$E$279, "Итог на конец недели" ), "" ), "" ) -> 5040 | D13: =IF( $D$1=[1]Склад!$G$13, IFERROR( SUMIFS( [1]Склад!$G$14:$G$279, [1]Склад!$B$14:$B$279, A13, [1]Склад!$E$14:$E$279, "Итог на конец недели" ), "" ), "" ) -> 36362 | E13: =IF( $E$1=[1]Склад!$H$13, IFERROR( SUMIFS( [1]Склад!$H$14:$H$279, [1]Склад!$B$14:$B$279, A13, [1]Склад!$E$14:$E$279, "Итог на конец недели" ), "" ), "" ) -> 27648 | F13: =IF( $F$1=[1]Склад!$I$13, IFERROR( SUMIFS( [1]Склад!$I$14:$I$279, [1]Склад!$B$14:$B$279, A13, [1]Склад!$E$14:$E$279, "Итог на конец недели" ), "" ), "" ) -> 13824 | G13: =IF( $G$1=[1]Склад!$J$13, IFERROR( SUMIFS( [1]Склад!$J$14:$J$279, [1]Склад!$B$14:$B$279, A13, [1]Склад!$E$14:$E$279, "Итог на конец недели" ), "" ), "" ) -> 0 | H13: =IF( $H$1=[1]Склад!$K$13, IFERROR( SUMIFS( [1]Склад!$K$14:$K$279, [1]Склад!$B$14:$B$279, A13, [1]Склад!$E$14:$E$279, "Итог на конец недели" ), "" ), "" ) -> 32424 | I13: =IF( $I$1=[1]Склад!$L$13, IFERROR( SUMIFS( [1]Склад!$L$14:$L$279, [1]Склад!$B$14:$B$279, A13, [1]Склад!$E$14:$E$279, "Итог на конец недели" ), "" ), "" ) -> 3420 | J13: =IF( $J$1=[1]Склад!$O$13, IFERROR( SUMIFS( [1]Склад!$O$14:$O$279, [1]Склад!$B$14:$B$279, A13, [1]Склад!$E$14:$E$279, "Итог на конец недели" ), "" ), "" ) -> 1922
A14: 13 | B14: 3 | C14: =IF( $C$1=[1]Склад!$F$13, IFERROR( SUMIFS( [1]Склад!$F$14:$F$279, [1]Склад!$B$14:$B$279, A14, [1]Склад!$E$14:$E$279, "Итог на конец недели" ), "" ), "" ) -> 5040 | D14: =IF( $D$1=[1]Склад!$G$13, IFERROR( SUMIFS( [1]Склад!$G$14:$G$279, [1]Склад!$B$14:$B$279, A14, [1]Склад!$E$14:$E$279, "Итог на конец недели" ), "" ), "" ) -> 33162 | E14: =IF( $E$1=[1]Склад!$H$13, IFERROR( SUMIFS( [1]Склад!$H$14:$H$279, [1]Склад!$B$14:$B$279, A14, [1]Склад!$E$14:$E$279, "Итог на конец недели" ), "" ), "" ) -> 42228 | F14: =IF( $F$1=[1]Склад!$I$13, IFERROR( SUMIFS( [1]Склад!$I$14:$I$279, [1]Склад!$B$14:$B$279, A14, [1]Склад!$E$14:$E$279, "Итог на конец недели" ), "" ), "" ) -> 53224 | G14: =IF( $G$1=[1]Склад!$J$13, IFERROR( SUMIFS( [1]Склад!$J$14:$J$279, [1]Склад!$B$14:$B$279, A14, [1]Склад!$E$14:$E$279, "Итог на конец недели" ), "" ), "" ) -> 0 | H14: =IF( $H$1=[1]Склад!$K$13, IFERROR( SUMIFS( [1]Склад!$K$14:$K$279, [1]Склад!$B$14:$B$279, A14, [1]Склад!$E$14:$E$279, "Итог на конец недели" ), "" ), "" ) -> 30994 | I14: =IF( $I$1=[1]Склад!$L$13, IFERROR( SUMIFS( [1]Склад!$L$14:$L$279, [1]Склад!$B$14:$B$279, A14, [1]Склад!$E$14:$E$279, "Итог на конец недели" ), "" ), "" ) -> 3420 | J14: =IF( $J$1=[1]Склад!$O$13, IFERROR( SUMIFS( [1]Склад!$O$14:$O$279, [1]Склад!$B$14:$B$279, A14, [1]Склад!$E$14:$E$279, "Итог на конец недели" ), "" ), "" ) -> 1772
... A43: 42 | B43: 10 | C43: =IF( $C$1=[1]Склад!$F$13, IFERROR( SUMIFS( [1]Склад!$F$14:$F$279, [1]Склад!$B$14:$B$279, A43, [1]Склад!$E$14:$E$279, "Итог на конец недели" ), "" ), "" ) -> 13070 | D43: =IF( $D$1=[1]Склад!$G$13, IFERROR( SUMIFS( [1]Склад!$G$14:$G$279, [1]Склад!$B$14:$B$279, A43, [1]Склад!$E$14:$E$279, "Итог на конец недели" ), "" ), "" ) -> 30139 | E43: =IF( $E$1=[1]Склад!$H$13, IFERROR( SUMIFS( [1]Склад!$H$14:$H$279, [1]Склад!$B$14:$B$279, A43, [1]Склад!$E$14:$E$279, "Итог на конец недели" ), "" ), "" ) -> 38041 | F43: =IF( $F$1=[1]Склад!$I$13, IFERROR( SUMIFS( [1]Склад!$I$14:$I$279, [1]Склад!$B$14:$B$279, A43, [1]Склад!$E$14:$E$279, "Итог на конец недели" ), "" ), "" ) -> 43390 | G43: =IF( $G$1=[1]Склад!$J$13, IFERROR( SUMIFS( [1]Склад!$J$14:$J$279, [1]Склад!$B$14:$B$279, A43, [1]Склад!$E$14:$E$279, "Итог на конец недели" ), "" ), "" ) -> 13659 | H43: =IF( $H$1=[1]Склад!$K$13, IFERROR( SUMIFS( [1]Склад!$K$14:$K$279, [1]Склад!$B$14:$B$279, A43, [1]Склад!$E$14:$E$279, "Итог на конец недели" ), "" ), "" ) -> 22317 | I43: =IF( $I$1=[1]Склад!$L$13, IFERROR( SUMIFS( [1]Склад!$L$14:$L$279, [1]Склад!$B$14:$B$279, A43, [1]Склад!$E$14:$E$279, "Итог на конец недели" ), "" ), "" ) -> 3204 | J43: =IF( $J$1=[1]Склад!$O$13, IFERROR( SUMIFS( [1]Склад!$O$14:$O$279, [1]Склад!$B$14:$B$279, A43, [1]Склад!$E$14:$E$279, "Итог на конец недели" ), "" ), "" ) -> 3340
A44: 43 | B44: 10 | C44: - | D44: - | E44: - | F44: - | G44: - | H44: - | I44: - | J44: -
A45: 44 | B45: 10 | C45: - | D45: - | E45: - | F45: - | G45: - | H45: - | I45: - | J45: -
A46: 45 | B46: 11 | C46: - | D46: - | E46: - | F46: - | G46: - | H46: - | I46: - | J46: -
A47: 46 | B47: 11 | C47: - | D47: - | E47: - | F47: - | G47: - | H47: - | I47: - | J47: -
A48: 47 | B48: 11 | C48: - | D48: - | E48: - | F48: - | G48: - | H48: - | I48: - | J48: -
A49: 48 | B49: 11 | C49: - | D49: - | E49: - | F49: - | G49: - | H49: - | I49: - | J49: -
A50: 49 | B50: 12 | C50: - | D50: - | E50: - | F50: - | G50: - | H50: - | I50: - | J50: -
A51: 50 | B51: 12 | C51: - | D51: - | E51: - | F51: - | G51: - | H51: - | I51: - | J51: -
A52: 51 | B52: 12 | C52: - | D52: - | E52: - | F52: - | G52: - | H52: - | I52: - | J52: -
A53: 52 | B53: 12 | C53: - | D53: - | E53: - | F53: - | G53: - | H53: - | I53: - | J53: -

Sheet Min
A1: Материал | B1: Минимальный запас | C1: Минимальная партия закупки
A2: MEDIUM 800х600х300 | B2: 54000 | C2: 24000
A3: MEDIUM 600х400х400 R-mixed | B3: 43200 | C3: 10000
A4: MEDIUM 400х300х300 R-mixed | B4: 38400 | C4: 28000
A5: MEDIUM 400х300х150 | B5: 16000 | C5: 0
A6: MEDIUM 300*210*100 R-mixed | B6: 5000 | C6: 5040
A7: Скотч R-mixed | B7: 5000 | C7: 19200
A8: Скотч цветной | B8: 5000 | C8: 1500
A9: Стрейч прозрачный | B9: 5000 | C9: 0

Sheet Методы
A1: Простое среднее (SMA) Берём последние 8 недель, складываем расход и делим на 8. «Мы тратили в среднем по 1000 коробок в неделю — значит, и дальше будем тратить примерно столько же». Экспоненциальное среднее (EMA) То же среднее, но последние недели считаются важнее и «перевешивают» старые. Если расход начал расти — прогноз быстро это заметит. Взвешенное среднее (WMA) Похоже на EMA, но веса растут плавно: самая свежая неделя — самая важная. Тренд (линейная регрессия) Программа рисует прямую линию по последним неделям и продолжает её дальше. Хорошо работает, если расход стабильно растёт или падает каждый месяц. Гибридный — самый умный (по умолчанию стоит он) Программа берёт сразу все 4 способа выше, смешивает их в один «прогноз» (EMA считает самым важным), потом ещё прибавляет 20% про запас
